"DT_GERACAO";"HH_GERACAO";"ANO_ELEICAO";"CD_TIPO_ELEICAO";"NM_TIPO_ELEICAO";"NR_TURNO";"CD_ELEICAO";"DS_ELEICAO";"DT_ELEICAO";"SG_UF";"SG_UE";"NM_UE";"CD_CARGO";"DS_CARGO";"TP_AGREMIACAO";"NR_PARTIDO";"SG_PARTIDO";"NM_PARTIDO";"NR_FEDERACAO";"NM_FEDERACAO";"SG_FEDERACAO";"DS_COMPOSICAO_FEDERACAO";"SQ_COLIGACAO";"NM_COLIGACAO";"DS_COMPOSICAO_COLIGACAO";"CD_SITUACAO_LEGENDA";"DS_SITUACAO";"NM_TIPO_DESTINACAO_VOTOS"
"02/09/2026";"08:30:57";2026;2;"ELEIÇÃO ORDINÁRIA";1;6259;"Eleições Gerais Estaduais 2026";"04/10/2026";"AM";"AM";"AMAZONAS";6;"DEPUTADO FEDERAL";"FEDERAÇÃO";43;"PV";"PARTIDO VERDE";101;"FEDERAÇÃO BRASIL DA ESPERANÇA - FE BRASIL";"PT/PC do B/PV";"PT/PC do B/PV";40001800779;"#NULO";"FEDERAÇÃO BRASIL DA ESPERANÇA - FE BRASIL (PT / PC do B / PV)";"D";"DEFERIDO";"#NE"
"02/09/2026";"08:30:57";2026;2;"ELEIÇÃO ORDINÁRIA";1;6259;"Eleições Gerais Estaduais 2026";"04/10/2026";"AM";"AM";"AMAZONAS";3;"GOVERNADOR";"PARTIDO ISOLADO";33;"MOBILIZA";"MOBILIZAÇÃO NACIONAL";-1;"#NULO";"#NULO";"#NULO";40001801272;"#NULO";"MOBILIZA";"D";"DEFERIDO";"#NE"
"02/09/2026";"08:30:57";2026;2;"ELEIÇÃO ORDINÁRIA";1;6259;"Eleições Gerais Estaduais 2026";"04/10/2026";"AM";"AM";"AMAZONAS";6;"DEPUTADO FEDERAL";"PARTIDO ISOLADO";70;"AVANTE";"AVANTE";-1;"#NULO";"#NULO";"#NULO";40001800263;"#NULO";"AVANTE";"D";"DEFERIDO";"#NE"
"02/09/2026";"08:30:57";2026;2;"ELEIÇÃO ORDINÁRIA";1;6259;"Eleições Gerais Estaduais 2026";"04/10/2026";"AM";"AM";"AMAZONAS";9;"1º SUPLENTE";"COLIGAÇÃO";44;"UNIÃO";"UNIÃO BRASIL";104;"FEDERAÇÃO UNIÃO PROGRESSISTA";"UNIÃO/PP";"UNIÃO/PP";40001800580;"UNIÃO PELO AMAZONAS";"PSB / FEDERAÇÃO UNIÃO PROGRESSISTA (UNIÃO / PP) / PODE";"D";"DEFERIDO";"#NE"
"02/09/2026";"08:30:57";2026;2;"ELEIÇÃO ORDINÁRIA";1;6259;"Eleições Gerais Estaduais 2026";"04/10/2026";"AM";"AM";"AMAZONAS";3;"GOVERNADOR";"COLIGAÇÃO";55;"PSD";"PARTIDO SOCIAL DEMOCRÁTICO";-1;"#NULO";"#NULO";"#NULO";40001799964;"FORÇA AMAZONAS";"REPUBLICANOS / MDB / PSD / FEDERAÇÃO BRASIL DA ESPERANÇA - FE BRASIL (PT / PC do B / PV)";"D";"DEFERIDO";"#NE"
"02/09/2026";"08:30:57";2026;2;"ELEIÇÃO ORDINÁRIA";1;6259;"Eleições Gerais Estaduais 2026";"04/10/2026";"AM";"AM";"AMAZONAS";3;"GOVERNADOR";"COLIGAÇÃO";70;"AVANTE";"AVANTE";-1;"#NULO";"#NULO";"#NULO";40001800278;"PRA CIMA AMAZONAS";"PDT / DC / AGIR / AVANTE / FEDERAÇÃO RENOVAÇÃO SOLIDÁRIA (PRD / SOLIDARIEDADE)";"D";"DEFERIDO";"#NE"
"02/09/2026";"08:30:57";2026;2;"ELEIÇÃO ORDINÁRIA";1;6259;"Eleições Gerais Estaduais 2026";"04/10/2026";"AM";"AM";"AMAZONAS";4;"VICE-GOVERNADOR";"COLIGAÇÃO";40;"PSB";"PARTIDO SOCIALISTA BRASILEIRO";-1;"#NULO";"#NULO";"#NULO";40001800579;"UNIÃO PELO AMAZONAS";"PSB / FEDERAÇÃO UNIÃO PROGRESSISTA (UNIÃO / PP) / PODE";"D";"DEFERIDO";"#NE"
"02/09/2026";"08:30:57";2026;2;"ELEIÇÃO ORDINÁRIA";1;6259;"Eleições Gerais Estaduais 2026";"04/10/2026";"AM";"AM";"AMAZONAS";10;"2º SUPLENTE";"COLIGAÇÃO";10;"REPUBLICANOS";"REPUBLICANOS";-1;"#NULO";"#NULO";"#NULO";40001800091;"FORÇA AMAZONAS";"REPUBLICANOS / MDB / PSD / FEDERAÇÃO BRASIL DA ESPERANÇA - FE BRASIL (PT / PC do B / PV)";"D";"DEFERIDO";"#NE"
"02/09/2026";"08:30:57";2026;2;"ELEIÇÃO ORDINÁRIA";1;6259;"Eleições Gerais Estaduais 2026";"04/10/2026";"AM";"AM";"AMAZONAS";6;"DEPUTADO FEDERAL";"PARTIDO ISOLADO";27;"DC";"DEMOCRACIA CRISTÃ";-1;"#NULO";"#NULO";"#NULO";40001800277;"#NULO";"DC";"D";"DEFERIDO";"#NE"
"02/09/2026";"08:30:57";2026;2;"ELEIÇÃO ORDINÁRIA";1;6259;"Eleições Gerais Estaduais 2026";"04/10/2026";"AM";"AM";"AMAZONAS";4;"VICE-GOVERNADOR";"FEDERAÇÃO";18;"REDE";"REDE SUSTENTABILIDADE";102;"FEDERAÇÃO PSOL REDE";"PSOL/REDE";"PSOL/REDE";40001801115;"#NULO";"FEDERAÇÃO PSOL REDE (PSOL / REDE)";"D";"DEFERIDO";"#NE"
"02/09/2026";"08:30:57";2026;2;"ELEIÇÃO ORDINÁRIA";1;6259;"Eleições Gerais Estaduais 2026";"04/10/2026";"AM";"AM";"AMAZONAS";4;"VICE-GOVERNADOR";"COLIGAÇÃO";25;"PRD";"PARTIDO RENOVACAO DEMOCRATICA";103;"FEDERAÇÃO RENOVAÇÃO SOLIDÁRIA";"PRD/SOLIDARIEDADE";"PRD/SOLIDARIEDADE";40001800278;"PRA CIMA AMAZONAS";"PDT / DC / AGIR / AVANTE / FEDERAÇÃO RENOVAÇÃO SOLIDÁRIA (PRD / SOLIDARIEDADE)";"D";"DEFERIDO";"#NE"
"02/09/2026";"08:30:57";2026;2;"ELEIÇÃO ORDINÁRIA";1;6259;"Eleições Gerais Estaduais 2026";"04/10/2026";"AM";"AM";"AMAZONAS";6;"DEPUTADO FEDERAL";"FEDERAÇÃO";18;"REDE";"REDE SUSTENTABILIDADE";102;"FEDERAÇÃO PSOL REDE";"PSOL/REDE";"PSOL/REDE";40001801146;"#NULO";"FEDERAÇÃO PSOL REDE (PSOL / REDE)";"D";"DEFERIDO";"#NE"
"02/09/2026";"08:30:57";2026;2;"ELEIÇÃO ORDINÁRIA";1;6259;"Eleições Gerais Estaduais 2026";"04/10/2026";"AM";"AM";"AMAZONAS";3;"GOVERNADOR";"FEDERAÇÃO";50;"PSOL";"PARTIDO SOCIALISMO E LIBERDADE";102;"FEDERAÇÃO PSOL REDE";"PSOL/REDE";"PSOL/REDE";40001801115;"#NULO";"FEDERAÇÃO PSOL REDE (PSOL / REDE)";"D";"DEFERIDO";"#NE"
"02/09/2026";"08:30:57";2026;2;"ELEIÇÃO ORDINÁRIA";1;6259;"Eleições Gerais Estaduais 2026";"04/10/2026";"AM";"AM";"AMAZONAS";7;"DEPUTADO ESTADUAL";"FEDERAÇÃO";13;"PT";"PARTIDO DOS TRABALHADORES";101;"FEDERAÇÃO BRASIL DA ESPERANÇA - FE BRASIL";"PT/PC do B/PV";"PT/PC do B/PV";40001800780;"#NULO";"FEDERAÇÃO BRASIL DA ESPERANÇA - FE BRASIL (PT / PC do B / PV)";"D";"DEFERIDO";"#NE"
"02/09/2026";"08:30:57";2026;2;"ELEIÇÃO ORDINÁRIA";1;6259;"Eleições Gerais Estaduais 2026";"04/10/2026";"AM";"AM";"AMAZONAS";3;"GOVERNADOR";"COLIGAÇÃO";65;"PCDOB";"PARTIDO COMUNISTA DO BRASIL";101;"FEDERAÇÃO BRASIL DA ESPERANÇA - FE BRASIL";"PT/PC do B/PV";"PT/PC do B/PV";40001799964;"FORÇA AMAZONAS";"REPUBLICANOS / MDB / PSD / FEDERAÇÃO BRASIL DA ESPERANÇA - FE BRASIL (PT / PC do B / PV)";"D";"DEFERIDO";"#NE"
"02/09/2026";"08:30:57";2026;2;"ELEIÇÃO ORDINÁRIA";1;6259;"Eleições Gerais Estaduais 2026";"04/10/2026";"AM";"AM";"AMAZONAS";9;"1º SUPLENTE";"COLIGAÇÃO";10;"REPUBLICANOS";"REPUBLICANOS";-1;"#NULO";"#NULO";"#NULO";40001800091;"FORÇA AMAZONAS";"REPUBLICANOS / MDB / PSD / FEDERAÇÃO BRASIL DA ESPERANÇA - FE BRASIL (PT / PC do B / PV)";"D";"DEFERIDO";"#NE"
"02/09/2026";"08:30:57";2026;2;"ELEIÇÃO ORDINÁRIA";1;6259;"Eleições Gerais Estaduais 2026";"04/10/2026";"AM";"AM";"AMAZONAS";10;"2º SUPLENTE";"COLIGAÇÃO";43;"PV";"PARTIDO VERDE";101;"FEDERAÇÃO BRASIL DA ESPERANÇA - FE BRASIL";"PT/PC do B/PV";"PT/PC do B/PV";40001800091;"FORÇA AMAZONAS";"REPUBLICANOS / MDB / PSD / FEDERAÇÃO BRASIL DA ESPERANÇA - FE BRASIL (PT / PC do B / PV)";"D";"DEFERIDO";"#NE"
"02/09/2026";"08:30:57";2026;2;"ELEIÇÃO ORDINÁRIA";1;6259;"Eleições Gerais Estaduais 2026";"04/10/2026";"AM";"AM";"AMAZONAS";4;"VICE-GOVERNADOR";"PARTIDO ISOLADO";16;"PSTU";"PARTIDO SOCIALISTA  DOS TRABALHADORES UNIFICADO";-1;"#NULO";"#NULO";"#NULO";40001800269;"#NULO";"PSTU";"D";"DEFERIDO";"#NE"
"02/09/2026";"08:30:57";2026;2;"ELEIÇÃO ORDINÁRIA";1;6259;"Eleições Gerais Estaduais 2026";"04/10/2026";"AM";"AM";"AMAZONAS";6;"DEPUTADO FEDERAL";"FEDERAÇÃO";11;"PP";"PROGRESSISTAS";104;"FEDERAÇÃO UNIÃO PROGRESSISTA";"UNIÃO/PP";"UNIÃO/PP";40001800582;"#NULO";"FEDERAÇÃO UNIÃO PROGRESSISTA (UNIÃO / PP)";"D";"DEFERIDO";"#NE"
"02/09/2026";"08:30:57";2026;2;"ELEIÇÃO ORDINÁRIA";1;6259;"Eleições Gerais Estaduais 2026";"04/10/2026";"AM";"AM";"AMAZONAS";3;"GOVERNADOR";"COLIGAÇÃO";15;"MDB";"MOVIMENTO DEMOCRÁTICO BRASILEIRO";-1;"#NULO";"#NULO";"#NULO";40001799964;"FORÇA AMAZONAS";"REPUBLICANOS / MDB / PSD / FEDERAÇÃO BRASIL DA ESPERANÇA - FE BRASIL (PT / PC do B / PV)";"D";"DEFERIDO";"#NE"
"02/09/2026";"08:30:57";2026;2;"ELEIÇÃO ORDINÁRIA";1;6259;"Eleições Gerais Estaduais 2026";"04/10/2026";"AM";"AM";"AMAZONAS";4;"VICE-GOVERNADOR";"COLIGAÇÃO";36;"AGIR";"AGIR";-1;"#NULO";"#NULO";"#NULO";40001800278;"PRA CIMA AMAZONAS";"PDT / DC / AGIR / AVANTE / FEDERAÇÃO RENOVAÇÃO SOLIDÁRIA (PRD / SOLIDARIEDADE)";"D";"DEFERIDO";"#NE"
"02/09/2026";"08:30:57";2026;2;"ELEIÇÃO ORDINÁRIA";1;6259;"Eleições Gerais Estaduais 2026";"04/10/2026";"AM";"AM";"AMAZONAS";5;"SENADOR";"PARTIDO ISOLADO";33;"MOBILIZA";"MOBILIZAÇÃO NACIONAL";-1;"#NULO";"#NULO";"#NULO";40001801135;"#NULO";"MOBILIZA";"D";"DEFERIDO";"#NE"
"02/09/2026";"08:30:57";2026;2;"ELEIÇÃO ORDINÁRIA";1;6259;"Eleições Gerais Estaduais 2026";"04/10/2026";"AM";"AM";"AMAZONAS";4;"VICE-GOVERNADOR";"COLIGAÇÃO";27;"DC";"DEMOCRACIA CRISTÃ";-1;"#NULO";"#NULO";"#NULO";40001800278;"PRA CIMA AMAZONAS";"PDT / DC / AGIR / AVANTE / FEDERAÇÃO RENOVAÇÃO SOLIDÁRIA (PRD / SOLIDARIEDADE)";"D";"DEFERIDO";"#NE"
"02/09/2026";"08:30:57";2026;2;"ELEIÇÃO ORDINÁRIA";1;6259;"Eleições Gerais Estaduais 2026";"04/10/2026";"AM";"AM";"AMAZONAS";9;"1º SUPLENTE";"COLIGAÇÃO";55;"PSD";"PARTIDO SOCIAL DEMOCRÁTICO";-1;"#NULO";"#NULO";"#NULO";40001800091;"FORÇA AMAZONAS";"REPUBLICANOS / MDB / PSD / FEDERAÇÃO BRASIL DA ESPERANÇA - FE BRASIL (PT / PC do B / PV)";"D";"DEFERIDO";"#NE"
"02/09/2026";"08:30:57";2026;2;"ELEIÇÃO ORDINÁRIA";1;6259;"Eleições Gerais Estaduais 2026";"04/10/2026";"AM";"AM";"AMAZONAS";7;"DEPUTADO ESTADUAL";"PARTIDO ISOLADO";30;"NOVO";"PARTIDO NOVO";-1;"#NULO";"#NULO";"#NULO";40001800331;"#NULO";"NOVO";"D";"DEFERIDO";"#NE"
"02/09/2026";"08:30:57";2026;2;"ELEIÇÃO ORDINÁRIA";1;6259;"Eleições Gerais Estaduais 2026";"04/10/2026";"AM";"AM";"AMAZONAS";9;"1º SUPLENTE";"PARTIDO ISOLADO";27;"DC";"DEMOCRACIA CRISTÃ";-1;"#NULO";"#NULO";"#NULO";40001800275;"#NULO";"DC";"D";"DEFERIDO";"#NE"
"02/09/2026";"08:30:57";2026;2;"ELEIÇÃO ORDINÁRIA";1;6259;"Eleições Gerais Estaduais 2026";"04/10/2026";"AM";"AM";"AMAZONAS";5;"SENADOR";"COLIGAÇÃO";55;"PSD";"PARTIDO SOCIAL DEMOCRÁTICO";-1;"#NULO";"#NULO";"#NULO";40001800091;"FORÇA AMAZONAS";"REPUBLICANOS / MDB / PSD / FEDERAÇÃO BRASIL DA ESPERANÇA - FE BRASIL (PT / PC do B / PV)";"D";"DEFERIDO";"#NE"
"02/09/2026";"08:30:57";2026;2;"ELEIÇÃO ORDINÁRIA";1;6259;"Eleições Gerais Estaduais 2026";"04/10/2026";"AM";"AM";"AMAZONAS";3;"GOVERNADOR";"COLIGAÇÃO";43;"PV";"PARTIDO VERDE";101;"FEDERAÇÃO BRASIL DA ESPERANÇA - FE BRASIL";"PT/PC do B/PV";"PT/PC do B/PV";40001799964;"FORÇA AMAZONAS";"REPUBLICANOS / MDB / PSD / FEDERAÇÃO BRASIL DA ESPERANÇA - FE BRASIL (PT / PC do B / PV)";"D";"DEFERIDO";"#NE"
"02/09/2026";"08:30:57";2026;2;"ELEIÇÃO ORDINÁRIA";1;6259;"Eleições Gerais Estaduais 2026";"04/10/2026";"AM";"AM";"AMAZONAS";6;"DEPUTADO FEDERAL";"PARTIDO ISOLADO";55;"PSD";"PARTIDO SOCIAL DEMOCRÁTICO";-1;"#NULO";"#NULO";"#NULO";40001800128;"#NULO";"PSD";"D";"DEFERIDO";"#NE"
"02/09/2026";"08:30:57";2026;2;"ELEIÇÃO ORDINÁRIA";1;6259;"Eleições Gerais Estaduais 2026";"04/10/2026";"AM";"AM";"AMAZONAS";10;"2º SUPLENTE";"PARTIDO ISOLADO";16;"PSTU";"PARTIDO SOCIALISTA  DOS TRABALHADORES UNIFICADO";-1;"#NULO";"#NULO";"#NULO";40001800271;"#NULO";"PSTU";"D";"DEFERIDO";"#NE"
"02/09/2026";"08:30:57";2026;2;"ELEIÇÃO ORDINÁRIA";1;6259;"Eleições Gerais Estaduais 2026";"04/10/2026";"AM";"AM";"AMAZONAS";6;"DEPUTADO FEDERAL";"FEDERAÇÃO";50;"PSOL";"PARTIDO SOCIALISMO E LIBERDADE";102;"FEDERAÇÃO PSOL REDE";"PSOL/REDE";"PSOL/REDE";40001801146;"#NULO";"FEDERAÇÃO PSOL REDE (PSOL / REDE)";"D";"DEFERIDO";"#NE"
"02/09/2026";"08:30:57";2026;2;"ELEIÇÃO ORDINÁRIA";1;6259;"Eleições Gerais Estaduais 2026";"04/10/2026";"AM";"AM";"AMAZONAS";9;"1º SUPLENTE";"COLIGAÇÃO";65;"PCDOB";"PARTIDO COMUNISTA DO BRASIL";101;"FEDERAÇÃO BRASIL DA ESPERANÇA - FE BRASIL";"PT/PC do B/PV";"PT/PC do B/PV";40001800091;"FORÇA AMAZONAS";"REPUBLICANOS / MDB / PSD / FEDERAÇÃO BRASIL DA ESPERANÇA - FE BRASIL (PT / PC do B / PV)";"D";"DEFERIDO";"#NE"
"02/09/2026";"08:30:57";2026;2;"ELEIÇÃO ORDINÁRIA";1;6259;"Eleições Gerais Estaduais 2026";"04/10/2026";"AM";"AM";"AMAZONAS";10;"2º SUPLENTE";"COLIGAÇÃO";44;"UNIÃO";"UNIÃO BRASIL";104;"FEDERAÇÃO UNIÃO PROGRESSISTA";"UNIÃO/PP";"UNIÃO/PP";40001800580;"UNIÃO PELO AMAZONAS";"PSB / FEDERAÇÃO UNIÃO PROGRESSISTA (UNIÃO / PP) / PODE";"D";"DEFERIDO";"#NE"
"02/09/2026";"08:30:57";2026;2;"ELEIÇÃO ORDINÁRIA";1;6259;"Eleições Gerais Estaduais 2026";"04/10/2026";"AM";"AM";"AMAZONAS";3;"GOVERNADOR";"COLIGAÇÃO";40;"PSB";"PARTIDO SOCIALISTA BRASILEIRO";-1;"#NULO";"#NULO";"#NULO";40001800579;"UNIÃO PELO AMAZONAS";"PSB / FEDERAÇÃO UNIÃO PROGRESSISTA (UNIÃO / PP) / PODE";"D";"DEFERIDO";"#NE"
"02/09/2026";"08:30:57";2026;2;"ELEIÇÃO ORDINÁRIA";1;6259;"Eleições Gerais Estaduais 2026";"04/10/2026";"AM";"AM";"AMAZONAS";6;"DEPUTADO FEDERAL";"FEDERAÇÃO";13;"PT";"PARTIDO DOS TRABALHADORES";101;"FEDERAÇÃO BRASIL DA ESPERANÇA - FE BRASIL";"PT/PC do B/PV";"PT/PC do B/PV";40001800779;"#NULO";"FEDERAÇÃO BRASIL DA ESPERANÇA - FE BRASIL (PT / PC do B / PV)";"D";"DEFERIDO";"#NE"
"02/09/2026";"08:30:57";2026;2;"ELEIÇÃO ORDINÁRIA";1;6259;"Eleições Gerais Estaduais 2026";"04/10/2026";"AM";"AM";"AMAZONAS";7;"DEPUTADO ESTADUAL";"PARTIDO ISOLADO";20;"PODE";"PODEMOS";-1;"#NULO";"#NULO";"#NULO";40001800572;"#NULO";"PODE";"D";"DEFERIDO";"#NE"
"02/09/2026";"08:30:57";2026;2;"ELEIÇÃO ORDINÁRIA";1;6259;"Eleições Gerais Estaduais 2026";"04/10/2026";"AM";"AM";"AMAZONAS";5;"SENADOR";"COLIGAÇÃO";65;"PCDOB";"PARTIDO COMUNISTA DO BRASIL";101;"FEDERAÇÃO BRASIL DA ESPERANÇA - FE BRASIL";"PT/PC do B/PV";"PT/PC do B/PV";40001800091;"FORÇA AMAZONAS";"REPUBLICANOS / MDB / PSD / FEDERAÇÃO BRASIL DA ESPERANÇA - FE BRASIL (PT / PC do B / PV)";"D";"DEFERIDO";"#NE"
"02/09/2026";"08:30:57";2026;2;"ELEIÇÃO ORDINÁRIA";1;6259;"Eleições Gerais Estaduais 2026";"04/10/2026";"AM";"AM";"AMAZONAS";10;"2º SUPLENTE";"COLIGAÇÃO";22;"PL";"PARTIDO LIBERAL";-1;"#NULO";"#NULO";"#NULO";40001800584;"MUDAR É URGENTE";"PL / NOVO";"A";"AGUARDANDO JULGAMENTO";"#NE"
"02/09/2026";"08:30:57";2026;2;"ELEIÇÃO ORDINÁRIA";1;6259;"Eleições Gerais Estaduais 2026";"04/10/2026";"AM";"AM";"AMAZONAS";9;"1º SUPLENTE";"FEDERAÇÃO";23;"CIDADANIA";"CIDADANIA";100;"FEDERAÇÃO PSDB CIDADANIA";"PSDB/CIDADANIA";"PSDB/CIDADANIA";40001800368;"#NULO";"FEDERAÇÃO PSDB CIDADANIA (PSDB / CIDADANIA)";"D";"DEFERIDO";"#NE"
"02/09/2026";"08:30:57";2026;2;"ELEIÇÃO ORDINÁRIA";1;6259;"Eleições Gerais Estaduais 2026";"04/10/2026";"AM";"AM";"AMAZONAS";5;"SENADOR";"COLIGAÇÃO";43;"PV";"PARTIDO VERDE";101;"FEDERAÇÃO BRASIL DA ESPERANÇA - FE BRASIL";"PT/PC do B/PV";"PT/PC do B/PV";40001800091;"FORÇA AMAZONAS";"REPUBLICANOS / MDB / PSD / FEDERAÇÃO BRASIL DA ESPERANÇA - FE BRASIL (PT / PC do B / PV)";"D";"DEFERIDO";"#NE"
"02/09/2026";"08:30:57";2026;2;"ELEIÇÃO ORDINÁRIA";1;6259;"Eleições Gerais Estaduais 2026";"04/10/2026";"AM";"AM";"AMAZONAS";10;"2º SUPLENTE";"COLIGAÇÃO";65;"PCDOB";"PARTIDO COMUNISTA DO BRASIL";101;"FEDERAÇÃO BRASIL DA ESPERANÇA - FE BRASIL";"PT/PC do B/PV";"PT/PC do B/PV";40001800091;"FORÇA AMAZONAS";"REPUBLICANOS / MDB / PSD / FEDERAÇÃO BRASIL DA ESPERANÇA - FE BRASIL (PT / PC do B / PV)";"D";"DEFERIDO";"#NE"
"02/09/2026";"08:30:57";2026;2;"ELEIÇÃO ORDINÁRIA";1;6259;"Eleições Gerais Estaduais 2026";"04/10/2026";"AM";"AM";"AMAZONAS";7;"DEPUTADO ESTADUAL";"PARTIDO ISOLADO";12;"PDT";"PARTIDO DEMOCRÁTICO TRABALHISTA";-1;"#NULO";"#NULO";"#NULO";40001800850;"#NULO";"PDT";"D";"DEFERIDO";"#NE"
"02/09/2026";"08:30:57";2026;2;"ELEIÇÃO ORDINÁRIA";1;6259;"Eleições Gerais Estaduais 2026";"04/10/2026";"AM";"AM";"AMAZONAS";4;"VICE-GOVERNADOR";"COLIGAÇÃO";77;"SOLIDARIEDADE";"SOLIDARIEDADE";103;"FEDERAÇÃO RENOVAÇÃO SOLIDÁRIA";"PRD/SOLIDARIEDADE";"PRD/SOLIDARIEDADE";40001800278;"PRA CIMA AMAZONAS";"PDT / DC / AGIR / AVANTE / FEDERAÇÃO RENOVAÇÃO SOLIDÁRIA (PRD / SOLIDARIEDADE)";"D";"DEFERIDO";"#NE"
"02/09/2026";"08:30:57";2026;2;"ELEIÇÃO ORDINÁRIA";1;6259;"Eleições Gerais Estaduais 2026";"04/10/2026";"AM";"AM";"AMAZONAS";3;"GOVERNADOR";"COLIGAÇÃO";77;"SOLIDARIEDADE";"SOLIDARIEDADE";103;"FEDERAÇÃO RENOVAÇÃO SOLIDÁRIA";"PRD/SOLIDARIEDADE";"PRD/SOLIDARIEDADE";40001800278;"PRA CIMA AMAZONAS";"PDT / DC / AGIR / AVANTE / FEDERAÇÃO RENOVAÇÃO SOLIDÁRIA (PRD / SOLIDARIEDADE)";"D";"DEFERIDO";"#NE"
"02/09/2026";"08:30:57";2026;2;"ELEIÇÃO ORDINÁRIA";1;6259;"Eleições Gerais Estaduais 2026";"04/10/2026";"AM";"AM";"AMAZONAS";3;"GOVERNADOR";"COLIGAÇÃO";12;"PDT";"PARTIDO DEMOCRÁTICO TRABALHISTA";-1;"#NULO";"#NULO";"#NULO";40001800278;"PRA CIMA AMAZONAS";"PDT / DC / AGIR / AVANTE / FEDERAÇÃO RENOVAÇÃO SOLIDÁRIA (PRD / SOLIDARIEDADE)";"D";"DEFERIDO";"#NE"
"02/09/2026";"08:30:57";2026;2;"ELEIÇÃO ORDINÁRIA";1;6259;"Eleições Gerais Estaduais 2026";"04/10/2026";"AM";"AM";"AMAZONAS";7;"DEPUTADO ESTADUAL";"PARTIDO ISOLADO";55;"PSD";"PARTIDO SOCIAL DEMOCRÁTICO";-1;"#NULO";"#NULO";"#NULO";40001800129;"#NULO";"PSD";"D";"DEFERIDO";"#NE"
"02/09/2026";"08:30:57";2026;2;"ELEIÇÃO ORDINÁRIA";1;6259;"Eleições Gerais Estaduais 2026";"04/10/2026";"AM";"AM";"AMAZONAS";3;"GOVERNADOR";"COLIGAÇÃO";20;"PODE";"PODEMOS";-1;"#NULO";"#NULO";"#NULO";40001800579;"UNIÃO PELO AMAZONAS";"PSB / FEDERAÇÃO UNIÃO PROGRESSISTA (UNIÃO / PP) / PODE";"D";"DEFERIDO";"#NE"
"02/09/2026";"08:30:57";2026;2;"ELEIÇÃO ORDINÁRIA";1;6259;"Eleições Gerais Estaduais 2026";"04/10/2026";"AM";"AM";"AMAZONAS";7;"DEPUTADO ESTADUAL";"PARTIDO ISOLADO";10;"REPUBLICANOS";"REPUBLICANOS";-1;"#NULO";"#NULO";"#NULO";40001800125;"#NULO";"REPUBLICANOS";"A";"AGUARDANDO JULGAMENTO";"#NE"
"02/09/2026";"08:30:57";2026;2;"ELEIÇÃO ORDINÁRIA";1;6259;"Eleições Gerais Estaduais 2026";"04/10/2026";"AM";"AM";"AMAZONAS";5;"SENADOR";"FEDERAÇÃO";18;"REDE";"REDE SUSTENTABILIDADE";102;"FEDERAÇÃO PSOL REDE";"PSOL/REDE";"PSOL/REDE";40001801106;"#NULO";"FEDERAÇÃO PSOL REDE (PSOL / REDE)";"D";"DEFERIDO";"#NE"
"02/09/2026";"08:30:57";2026;2;"ELEIÇÃO ORDINÁRIA";1;6259;"Eleições Gerais Estaduais 2026";"04/10/2026";"AM";"AM";"AMAZONAS";7;"DEPUTADO ESTADUAL";"FEDERAÇÃO";44;"UNIÃO";"UNIÃO BRASIL";104;"FEDERAÇÃO UNIÃO PROGRESSISTA";"UNIÃO/PP";"UNIÃO/PP";40001800581;"#NULO";"FEDERAÇÃO UNIÃO PROGRESSISTA (UNIÃO / PP)";"D";"DEFERIDO";"#NE"
"02/09/2026";"08:30:57";2026;2;"ELEIÇÃO ORDINÁRIA";1;6259;"Eleições Gerais Estaduais 2026";"04/10/2026";"AM";"AM";"AMAZONAS";4;"VICE-GOVERNADOR";"COLIGAÇÃO";43;"PV";"PARTIDO VERDE";101;"FEDERAÇÃO BRASIL DA ESPERANÇA - FE BRASIL";"PT/PC do B/PV";"PT/PC do B/PV";40001799964;"FORÇA AMAZONAS";"REPUBLICANOS / MDB / PSD / FEDERAÇÃO BRASIL DA ESPERANÇA - FE BRASIL (PT / PC do B / PV)";"D";"DEFERIDO";"#NE"
"02/09/2026";"08:30:57";2026;2;"ELEIÇÃO ORDINÁRIA";1;6259;"Eleições Gerais Estaduais 2026";"04/10/2026";"AM";"AM";"AMAZONAS";3;"GOVERNADOR";"COLIGAÇÃO";11;"PP";"PROGRESSISTAS";104;"FEDERAÇÃO UNIÃO PROGRESSISTA";"UNIÃO/PP";"UNIÃO/PP";40001800579;"UNIÃO PELO AMAZONAS";"PSB / FEDERAÇÃO UNIÃO PROGRESSISTA (UNIÃO / PP) / PODE";"D";"DEFERIDO";"#NE"
"02/09/2026";"08:30:57";2026;2;"ELEIÇÃO ORDINÁRIA";1;6259;"Eleições Gerais Estaduais 2026";"04/10/2026";"AM";"AM";"AMAZONAS";9;"1º SUPLENTE";"COLIGAÇÃO";30;"NOVO";"PARTIDO NOVO";-1;"#NULO";"#NULO";"#NULO";40001800584;"MUDAR É URGENTE";"PL / NOVO";"A";"AGUARDANDO JULGAMENTO";"#NE"
"02/09/2026";"08:30:57";2026;2;"ELEIÇÃO ORDINÁRIA";1;6259;"Eleições Gerais Estaduais 2026";"04/10/2026";"AM";"AM";"AMAZONAS";7;"DEPUTADO ESTADUAL";"PARTIDO ISOLADO";22;"PL";"PARTIDO LIBERAL";-1;"#NULO";"#NULO";"#NULO";40001800690;"#NULO";"PL";"D";"DEFERIDO";"#NE"
"02/09/2026";"08:30:57";2026;2;"ELEIÇÃO ORDINÁRIA";1;6259;"Eleições Gerais Estaduais 2026";"04/10/2026";"AM";"AM";"AMAZONAS";4;"VICE-GOVERNADOR";"COLIGAÇÃO";15;"MDB";"MOVIMENTO DEMOCRÁTICO BRASILEIRO";-1;"#NULO";"#NULO";"#NULO";40001799964;"FORÇA AMAZONAS";"REPUBLICANOS / MDB / PSD / FEDERAÇÃO BRASIL DA ESPERANÇA - FE BRASIL (PT / PC do B / PV)";"D";"DEFERIDO";"#NE"
"02/09/2026";"08:30:57";2026;2;"ELEIÇÃO ORDINÁRIA";1;6259;"Eleições Gerais Estaduais 2026";"04/10/2026";"AM";"AM";"AMAZONAS";9;"1º SUPLENTE";"PARTIDO ISOLADO";33;"MOBILIZA";"MOBILIZAÇÃO NACIONAL";-1;"#NULO";"#NULO";"#NULO";40001801135;"#NULO";"MOBILIZA";"D";"DEFERIDO";"#NE"
"02/09/2026";"08:30:57";2026;2;"ELEIÇÃO ORDINÁRIA";1;6259;"Eleições Gerais Estaduais 2026";"04/10/2026";"AM";"AM";"AMAZONAS";5;"SENADOR";"PARTIDO ISOLADO";27;"DC";"DEMOCRACIA CRISTÃ";-1;"#NULO";"#NULO";"#NULO";40001800275;"#NULO";"DC";"D";"DEFERIDO";"#NE"
"02/09/2026";"08:30:57";2026;2;"ELEIÇÃO ORDINÁRIA";1;6259;"Eleições Gerais Estaduais 2026";"04/10/2026";"AM";"AM";"AMAZONAS";6;"DEPUTADO FEDERAL";"FEDERAÇÃO";44;"UNIÃO";"UNIÃO BRASIL";104;"FEDERAÇÃO UNIÃO PROGRESSISTA";"UNIÃO/PP";"UNIÃO/PP";40001800582;"#NULO";"FEDERAÇÃO UNIÃO PROGRESSISTA (UNIÃO / PP)";"D";"DEFERIDO";"#NE"
"02/09/2026";"08:30:57";2026;2;"ELEIÇÃO ORDINÁRIA";1;6259;"Eleições Gerais Estaduais 2026";"04/10/2026";"AM";"AM";"AMAZONAS";6;"DEPUTADO FEDERAL";"FEDERAÇÃO";77;"SOLIDARIEDADE";"SOLIDARIEDADE";103;"FEDERAÇÃO RENOVAÇÃO SOLIDÁRIA";"PRD/SOLIDARIEDADE";"PRD/SOLIDARIEDADE";40001801036;"#NULO";"FEDERAÇÃO RENOVAÇÃO SOLIDÁRIA (PRD / SOLIDARIEDADE)";"D";"DEFERIDO";"#NE"
"02/09/2026";"08:30:57";2026;2;"ELEIÇÃO ORDINÁRIA";1;6259;"Eleições Gerais Estaduais 2026";"04/10/2026";"AM";"AM";"AMAZONAS";5;"SENADOR";"FEDERAÇÃO";50;"PSOL";"PARTIDO SOCIALISMO E LIBERDADE";102;"FEDERAÇÃO PSOL REDE";"PSOL/REDE";"PSOL/REDE";40001801106;"#NULO";"FEDERAÇÃO PSOL REDE (PSOL / REDE)";"D";"DEFERIDO";"#NE"
"02/09/2026";"08:30:57";2026;2;"ELEIÇÃO ORDINÁRIA";1;6259;"Eleições Gerais Estaduais 2026";"04/10/2026";"AM";"AM";"AMAZONAS";7;"DEPUTADO ESTADUAL";"PARTIDO ISOLADO";36;"AGIR";"AGIR";-1;"#NULO";"#NULO";"#NULO";40001800289;"#NULO";"AGIR";"D";"DEFERIDO";"#NE"
"02/09/2026";"08:30:57";2026;2;"ELEIÇÃO ORDINÁRIA";1;6259;"Eleições Gerais Estaduais 2026";"04/10/2026";"AM";"AM";"AMAZONAS";3;"GOVERNADOR";"COLIGAÇÃO";25;"PRD";"PARTIDO RENOVACAO DEMOCRATICA";103;"FEDERAÇÃO RENOVAÇÃO SOLIDÁRIA";"PRD/SOLIDARIEDADE";"PRD/SOLIDARIEDADE";40001800278;"PRA CIMA AMAZONAS";"PDT / DC / AGIR / AVANTE / FEDERAÇÃO RENOVAÇÃO SOLIDÁRIA (PRD / SOLIDARIEDADE)";"D";"DEFERIDO";"#NE"
"02/09/2026";"08:30:57";2026;2;"ELEIÇÃO ORDINÁRIA";1;6259;"Eleições Gerais Estaduais 2026";"04/10/2026";"AM";"AM";"AMAZONAS";10;"2º SUPLENTE";"COLIGAÇÃO";13;"PT";"PARTIDO DOS TRABALHADORES";101;"FEDERAÇÃO BRASIL DA ESPERANÇA - FE BRASIL";"PT/PC do B/PV";"PT/PC do B/PV";40001800091;"FORÇA AMAZONAS";"REPUBLICANOS / MDB / PSD / FEDERAÇÃO BRASIL DA ESPERANÇA - FE BRASIL (PT / PC do B / PV)";"D";"DEFERIDO";"#NE"
"02/09/2026";"08:30:57";2026;2;"ELEIÇÃO ORDINÁRIA";1;6259;"Eleições Gerais Estaduais 2026";"04/10/2026";"AM";"AM";"AMAZONAS";9;"1º SUPLENTE";"COLIGAÇÃO";13;"PT";"PARTIDO DOS TRABALHADORES";101;"FEDERAÇÃO BRASIL DA ESPERANÇA - FE BRASIL";"PT/PC do B/PV";"PT/PC do B/PV";40001800091;"FORÇA AMAZONAS";"REPUBLICANOS / MDB / PSD / FEDERAÇÃO BRASIL DA ESPERANÇA - FE BRASIL (PT / PC do B / PV)";"D";"DEFERIDO";"#NE"
"02/09/2026";"08:30:57";2026;2;"ELEIÇÃO ORDINÁRIA";1;6259;"Eleições Gerais Estaduais 2026";"04/10/2026";"AM";"AM";"AMAZONAS";3;"GOVERNADOR";"COLIGAÇÃO";30;"NOVO";"PARTIDO NOVO";-1;"#NULO";"#NULO";"#NULO";40001800574;"MUDAR É URGENTE";"PL / NOVO";"D";"DEFERIDO";"#NE"
"02/09/2026";"08:30:57";2026;2;"ELEIÇÃO ORDINÁRIA";1;6259;"Eleições Gerais Estaduais 2026";"04/10/2026";"AM";"AM";"AMAZONAS";5;"SENADOR";"FEDERAÇÃO";45;"PSDB";"PARTIDO DA SOCIAL DEMOCRACIA BRASILEIRA";100;"FEDERAÇÃO PSDB CIDADANIA";"PSDB/CIDADANIA";"PSDB/CIDADANIA";40001800368;"#NULO";"FEDERAÇÃO PSDB CIDADANIA (PSDB / CIDADANIA)";"D";"DEFERIDO";"#NE"
"02/09/2026";"08:30:57";2026;2;"ELEIÇÃO ORDINÁRIA";1;6259;"Eleições Gerais Estaduais 2026";"04/10/2026";"AM";"AM";"AMAZONAS";7;"DEPUTADO ESTADUAL";"PARTIDO ISOLADO";15;"MDB";"MOVIMENTO DEMOCRÁTICO BRASILEIRO";-1;"#NULO";"#NULO";"#NULO";40001800127;"#NULO";"MDB";"D";"DEFERIDO";"#NE"
"02/09/2026";"08:30:57";2026;2;"ELEIÇÃO ORDINÁRIA";1;6259;"Eleições Gerais Estaduais 2026";"04/10/2026";"AM";"AM";"AMAZONAS";5;"SENADOR";"COLIGAÇÃO";44;"UNIÃO";"UNIÃO BRASIL";104;"FEDERAÇÃO UNIÃO PROGRESSISTA";"UNIÃO/PP";"UNIÃO/PP";40001800580;"UNIÃO PELO AMAZONAS";"PSB / FEDERAÇÃO UNIÃO PROGRESSISTA (UNIÃO / PP) / PODE";"D";"DEFERIDO";"#NE"
"02/09/2026";"08:30:57";2026;2;"ELEIÇÃO ORDINÁRIA";1;6259;"Eleições Gerais Estaduais 2026";"04/10/2026";"AM";"AM";"AMAZONAS";5;"SENADOR";"COLIGAÇÃO";13;"PT";"PARTIDO DOS TRABALHADORES";101;"FEDERAÇÃO BRASIL DA ESPERANÇA - FE BRASIL";"PT/PC do B/PV";"PT/PC do B/PV";40001800091;"FORÇA AMAZONAS";"REPUBLICANOS / MDB / PSD / FEDERAÇÃO BRASIL DA ESPERANÇA - FE BRASIL (PT / PC do B / PV)";"D";"DEFERIDO";"#NE"
"02/09/2026";"08:30:57";2026;2;"ELEIÇÃO ORDINÁRIA";1;6259;"Eleições Gerais Estaduais 2026";"04/10/2026";"AM";"AM";"AMAZONAS";10;"2º SUPLENTE";"COLIGAÇÃO";55;"PSD";"PARTIDO SOCIAL DEMOCRÁTICO";-1;"#NULO";"#NULO";"#NULO";40001800091;"FORÇA AMAZONAS";"REPUBLICANOS / MDB / PSD / FEDERAÇÃO BRASIL DA ESPERANÇA - FE BRASIL (PT / PC do B / PV)";"D";"DEFERIDO";"#NE"
"02/09/2026";"08:30:57";2026;2;"ELEIÇÃO ORDINÁRIA";1;6259;"Eleições Gerais Estaduais 2026";"04/10/2026";"AM";"AM";"AMAZONAS";7;"DEPUTADO ESTADUAL";"FEDERAÇÃO";65;"PCDOB";"PARTIDO COMUNISTA DO BRASIL";101;"FEDERAÇÃO BRASIL DA ESPERANÇA - FE BRASIL";"PT/PC do B/PV";"PT/PC do B/PV";40001800780;"#NULO";"FEDERAÇÃO BRASIL DA ESPERANÇA - FE BRASIL (PT / PC do B / PV)";"D";"DEFERIDO";"#NE"
"02/09/2026";"08:30:57";2026;2;"ELEIÇÃO ORDINÁRIA";1;6259;"Eleições Gerais Estaduais 2026";"04/10/2026";"AM";"AM";"AMAZONAS";6;"DEPUTADO FEDERAL";"PARTIDO ISOLADO";15;"MDB";"MOVIMENTO DEMOCRÁTICO BRASILEIRO";-1;"#NULO";"#NULO";"#NULO";40001800090;"#NULO";"MDB";"D";"DEFERIDO";"#NE"
"02/09/2026";"08:30:57";2026;2;"ELEIÇÃO ORDINÁRIA";1;6259;"Eleições Gerais Estaduais 2026";"04/10/2026";"AM";"AM";"AMAZONAS";7;"DEPUTADO ESTADUAL";"FEDERAÇÃO";43;"PV";"PARTIDO VERDE";101;"FEDERAÇÃO BRASIL DA ESPERANÇA - FE BRASIL";"PT/PC do B/PV";"PT/PC do B/PV";40001800780;"#NULO";"FEDERAÇÃO BRASIL DA ESPERANÇA - FE BRASIL (PT / PC do B / PV)";"D";"DEFERIDO";"#NE"
"02/09/2026";"08:30:57";2026;2;"ELEIÇÃO ORDINÁRIA";1;6259;"Eleições Gerais Estaduais 2026";"04/10/2026";"AM";"AM";"AMAZONAS";6;"DEPUTADO FEDERAL";"PARTIDO ISOLADO";10;"REPUBLICANOS";"REPUBLICANOS";-1;"#NULO";"#NULO";"#NULO";40001800156;"#NULO";"REPUBLICANOS";"A";"AGUARDANDO JULGAMENTO";"#NE"
"02/09/2026";"08:30:57";2026;2;"ELEIÇÃO ORDINÁRIA";1;6259;"Eleições Gerais Estaduais 2026";"04/10/2026";"AM";"AM";"AMAZONAS";6;"DEPUTADO FEDERAL";"PARTIDO ISOLADO";40;"PSB";"PARTIDO SOCIALISTA BRASILEIRO";-1;"#NULO";"#NULO";"#NULO";40001800573;"#NULO";"PSB";"D";"DEFERIDO";"#NE"
"02/09/2026";"08:30:57";2026;2;"ELEIÇÃO ORDINÁRIA";1;6259;"Eleições Gerais Estaduais 2026";"04/10/2026";"AM";"AM";"AMAZONAS";4;"VICE-GOVERNADOR";"COLIGAÇÃO";10;"REPUBLICANOS";"REPUBLICANOS";-1;"#NULO";"#NULO";"#NULO";40001799964;"FORÇA AMAZONAS";"REPUBLICANOS / MDB / PSD / FEDERAÇÃO BRASIL DA ESPERANÇA - FE BRASIL (PT / PC do B / PV)";"D";"DEFERIDO";"#NE"
"02/09/2026";"08:30:57";2026;2;"ELEIÇÃO ORDINÁRIA";1;6259;"Eleições Gerais Estaduais 2026";"04/10/2026";"AM";"AM";"AMAZONAS";7;"DEPUTADO ESTADUAL";"PARTIDO ISOLADO";16;"PSTU";"PARTIDO SOCIALISTA  DOS TRABALHADORES UNIFICADO";-1;"#NULO";"#NULO";"#NULO";40001800270;"#NULO";"PSTU";"D";"DEFERIDO";"#NE"
"02/09/2026";"08:30:57";2026;2;"ELEIÇÃO ORDINÁRIA";1;6259;"Eleições Gerais Estaduais 2026";"04/10/2026";"AM";"AM";"AMAZONAS";10;"2º SUPLENTE";"COLIGAÇÃO";11;"PP";"PROGRESSISTAS";104;"FEDERAÇÃO UNIÃO PROGRESSISTA";"UNIÃO/PP";"UNIÃO/PP";40001800580;"UNIÃO PELO AMAZONAS";"PSB / FEDERAÇÃO UNIÃO PROGRESSISTA (UNIÃO / PP) / PODE";"D";"DEFERIDO";"#NE"
"02/09/2026";"08:30:57";2026;2;"ELEIÇÃO ORDINÁRIA";1;6259;"Eleições Gerais Estaduais 2026";"04/10/2026";"AM";"AM";"AMAZONAS";4;"VICE-GOVERNADOR";"COLIGAÇÃO";11;"PP";"PROGRESSISTAS";104;"FEDERAÇÃO UNIÃO PROGRESSISTA";"UNIÃO/PP";"UNIÃO/PP";40001800579;"UNIÃO PELO AMAZONAS";"PSB / FEDERAÇÃO UNIÃO PROGRESSISTA (UNIÃO / PP) / PODE";"D";"DEFERIDO";"#NE"
"02/09/2026";"08:30:57";2026;2;"ELEIÇÃO ORDINÁRIA";1;6259;"Eleições Gerais Estaduais 2026";"04/10/2026";"AM";"AM";"AMAZONAS";5;"SENADOR";"COLIGAÇÃO";30;"NOVO";"PARTIDO NOVO";-1;"#NULO";"#NULO";"#NULO";40001800584;"MUDAR É URGENTE";"PL / NOVO";"A";"AGUARDANDO JULGAMENTO";"#NE"
"02/09/2026";"08:30:57";2026;2;"ELEIÇÃO ORDINÁRIA";1;6259;"Eleições Gerais Estaduais 2026";"04/10/2026";"AM";"AM";"AMAZONAS";10;"2º SUPLENTE";"FEDERAÇÃO";23;"CIDADANIA";"CIDADANIA";100;"FEDERAÇÃO PSDB CIDADANIA";"PSDB/CIDADANIA";"PSDB/CIDADANIA";40001800368;"#NULO";"FEDERAÇÃO PSDB CIDADANIA (PSDB / CIDADANIA)";"D";"DEFERIDO";"#NE"
"02/09/2026";"08:30:57";2026;2;"ELEIÇÃO ORDINÁRIA";1;6259;"Eleições Gerais Estaduais 2026";"04/10/2026";"AM";"AM";"AMAZONAS";5;"SENADOR";"FEDERAÇÃO";23;"CIDADANIA";"CIDADANIA";100;"FEDERAÇÃO PSDB CIDADANIA";"PSDB/CIDADANIA";"PSDB/CIDADANIA";40001800368;"#NULO";"FEDERAÇÃO PSDB CIDADANIA (PSDB / CIDADANIA)";"D";"DEFERIDO";"#NE"
"02/09/2026";"08:30:57";2026;2;"ELEIÇÃO ORDINÁRIA";1;6259;"Eleições Gerais Estaduais 2026";"04/10/2026";"AM";"AM";"AMAZONAS";4;"VICE-GOVERNADOR";"FEDERAÇÃO";50;"PSOL";"PARTIDO SOCIALISMO E LIBERDADE";102;"FEDERAÇÃO PSOL REDE";"PSOL/REDE";"PSOL/REDE";40001801115;"#NULO";"FEDERAÇÃO PSOL REDE (PSOL / REDE)";"D";"DEFERIDO";"#NE"
"02/09/2026";"08:30:57";2026;2;"ELEIÇÃO ORDINÁRIA";1;6259;"Eleições Gerais Estaduais 2026";"04/10/2026";"AM";"AM";"AMAZONAS";7;"DEPUTADO ESTADUAL";"FEDERAÇÃO";50;"PSOL";"PARTIDO SOCIALISMO E LIBERDADE";102;"FEDERAÇÃO PSOL REDE";"PSOL/REDE";"PSOL/REDE";40001801190;"#NULO";"FEDERAÇÃO PSOL REDE (PSOL / REDE)";"D";"DEFERIDO";"#NE"
"02/09/2026";"08:30:57";2026;2;"ELEIÇÃO ORDINÁRIA";1;6259;"Eleições Gerais Estaduais 2026";"04/10/2026";"AM";"AM";"AMAZONAS";9;"1º SUPLENTE";"COLIGAÇÃO";40;"PSB";"PARTIDO SOCIALISTA BRASILEIRO";-1;"#NULO";"#NULO";"#NULO";40001800580;"UNIÃO PELO AMAZONAS";"PSB / FEDERAÇÃO UNIÃO PROGRESSISTA (UNIÃO / PP) / PODE";"D";"DEFERIDO";"#NE"
"02/09/2026";"08:30:57";2026;2;"ELEIÇÃO ORDINÁRIA";1;6259;"Eleições Gerais Estaduais 2026";"04/10/2026";"AM";"AM";"AMAZONAS";4;"VICE-GOVERNADOR";"COLIGAÇÃO";44;"UNIÃO";"UNIÃO BRASIL";104;"FEDERAÇÃO UNIÃO PROGRESSISTA";"UNIÃO/PP";"UNIÃO/PP";40001800579;"UNIÃO PELO AMAZONAS";"PSB / FEDERAÇÃO UNIÃO PROGRESSISTA (UNIÃO / PP) / PODE";"D";"DEFERIDO";"#NE"
"02/09/2026";"08:30:57";2026;2;"ELEIÇÃO ORDINÁRIA";1;6259;"Eleições Gerais Estaduais 2026";"04/10/2026";"AM";"AM";"AMAZONAS";10;"2º SUPLENTE";"COLIGAÇÃO";40;"PSB";"PARTIDO SOCIALISTA BRASILEIRO";-1;"#NULO";"#NULO";"#NULO";40001800580;"UNIÃO PELO AMAZONAS";"PSB / FEDERAÇÃO UNIÃO PROGRESSISTA (UNIÃO / PP) / PODE";"D";"DEFERIDO";"#NE"
"02/09/2026";"08:30:57";2026;2;"ELEIÇÃO ORDINÁRIA";1;6259;"Eleições Gerais Estaduais 2026";"04/10/2026";"AM";"AM";"AMAZONAS";6;"DEPUTADO FEDERAL";"PARTIDO ISOLADO";80;"UP";"UNIDADE POPULAR";-1;"#NULO";"#NULO";"#NULO";40001800849;"#NULO";"UP";"IN";"INDEFERIDO";"#NE"
"02/09/2026";"08:30:57";2026;2;"ELEIÇÃO ORDINÁRIA";1;6259;"Eleições Gerais Estaduais 2026";"04/10/2026";"AM";"AM";"AMAZONAS";10;"2º SUPLENTE";"PARTIDO ISOLADO";27;"DC";"DEMOCRACIA CRISTÃ";-1;"#NULO";"#NULO";"#NULO";40001800275;"#NULO";"DC";"D";"DEFERIDO";"#NE"
"02/09/2026";"08:30:57";2026;2;"ELEIÇÃO ORDINÁRIA";1;6259;"Eleições Gerais Estaduais 2026";"04/10/2026";"AM";"AM";"AMAZONAS";6;"DEPUTADO FEDERAL";"PARTIDO ISOLADO";16;"PSTU";"PARTIDO SOCIALISTA  DOS TRABALHADORES UNIFICADO";-1;"#NULO";"#NULO";"#NULO";40001800272;"#NULO";"PSTU";"D";"DEFERIDO";"#NE"
"02/09/2026";"08:30:57";2026;2;"ELEIÇÃO ORDINÁRIA";1;6259;"Eleições Gerais Estaduais 2026";"04/10/2026";"AM";"AM";"AMAZONAS";9;"1º SUPLENTE";"COLIGAÇÃO";43;"PV";"PARTIDO VERDE";101;"FEDERAÇÃO BRASIL DA ESPERANÇA - FE BRASIL";"PT/PC do B/PV";"PT/PC do B/PV";40001800091;"FORÇA AMAZONAS";"REPUBLICANOS / MDB / PSD / FEDERAÇÃO BRASIL DA ESPERANÇA - FE BRASIL (PT / PC do B / PV)";"D";"DEFERIDO";"#NE"
"02/09/2026";"08:30:57";2026;2;"ELEIÇÃO ORDINÁRIA";1;6259;"Eleições Gerais Estaduais 2026";"04/10/2026";"AM";"AM";"AMAZONAS";10;"2º SUPLENTE";"FEDERAÇÃO";18;"REDE";"REDE SUSTENTABILIDADE";102;"FEDERAÇÃO PSOL REDE";"PSOL/REDE";"PSOL/REDE";40001801106;"#NULO";"FEDERAÇÃO PSOL REDE (PSOL / REDE)";"D";"DEFERIDO";"#NE"
"02/09/2026";"08:30:57";2026;2;"ELEIÇÃO ORDINÁRIA";1;6259;"Eleições Gerais Estaduais 2026";"04/10/2026";"AM";"AM";"AMAZONAS";3;"GOVERNADOR";"COLIGAÇÃO";27;"DC";"DEMOCRACIA CRISTÃ";-1;"#NULO";"#NULO";"#NULO";40001800278;"PRA CIMA AMAZONAS";"PDT / DC / AGIR / AVANTE / FEDERAÇÃO RENOVAÇÃO SOLIDÁRIA (PRD / SOLIDARIEDADE)";"D";"DEFERIDO";"#NE"
"02/09/2026";"08:30:57";2026;2;"ELEIÇÃO ORDINÁRIA";1;6259;"Eleições Gerais Estaduais 2026";"04/10/2026";"AM";"AM";"AMAZONAS";6;"DEPUTADO FEDERAL";"FEDERAÇÃO";25;"PRD";"PARTIDO RENOVACAO DEMOCRATICA";103;"FEDERAÇÃO RENOVAÇÃO SOLIDÁRIA";"PRD/SOLIDARIEDADE";"PRD/SOLIDARIEDADE";40001801036;"#NULO";"FEDERAÇÃO RENOVAÇÃO SOLIDÁRIA (PRD / SOLIDARIEDADE)";"D";"DEFERIDO";"#NE"
"02/09/2026";"08:30:57";2026;2;"ELEIÇÃO ORDINÁRIA";1;6259;"Eleições Gerais Estaduais 2026";"04/10/2026";"AM";"AM";"AMAZONAS";5;"SENADOR";"COLIGAÇÃO";22;"PL";"PARTIDO LIBERAL";-1;"#NULO";"#NULO";"#NULO";40001800584;"MUDAR É URGENTE";"PL / NOVO";"A";"AGUARDANDO JULGAMENTO";"#NE"
"02/09/2026";"08:30:57";2026;2;"ELEIÇÃO ORDINÁRIA";1;6259;"Eleições Gerais Estaduais 2026";"04/10/2026";"AM";"AM";"AMAZONAS";5;"SENADOR";"COLIGAÇÃO";10;"REPUBLICANOS";"REPUBLICANOS";-1;"#NULO";"#NULO";"#NULO";40001800091;"FORÇA AMAZONAS";"REPUBLICANOS / MDB / PSD / FEDERAÇÃO BRASIL DA ESPERANÇA - FE BRASIL (PT / PC do B / PV)";"D";"DEFERIDO";"#NE"
"02/09/2026";"08:30:57";2026;2;"ELEIÇÃO ORDINÁRIA";1;6259;"Eleições Gerais Estaduais 2026";"04/10/2026";"AM";"AM";"AMAZONAS";9;"1º SUPLENTE";"FEDERAÇÃO";18;"REDE";"REDE SUSTENTABILIDADE";102;"FEDERAÇÃO PSOL REDE";"PSOL/REDE";"PSOL/REDE";40001801106;"#NULO";"FEDERAÇÃO PSOL REDE (PSOL / REDE)";"D";"DEFERIDO";"#NE"
"02/09/2026";"08:30:57";2026;2;"ELEIÇÃO ORDINÁRIA";1;6259;"Eleições Gerais Estaduais 2026";"04/10/2026";"AM";"AM";"AMAZONAS";10;"2º SUPLENTE";"FEDERAÇÃO";45;"PSDB";"PARTIDO DA SOCIAL DEMOCRACIA BRASILEIRA";100;"FEDERAÇÃO PSDB CIDADANIA";"PSDB/CIDADANIA";"PSDB/CIDADANIA";40001800368;"#NULO";"FEDERAÇÃO PSDB CIDADANIA (PSDB / CIDADANIA)";"D";"DEFERIDO";"#NE"
"02/09/2026";"08:30:57";2026;2;"ELEIÇÃO ORDINÁRIA";1;6259;"Eleições Gerais Estaduais 2026";"04/10/2026";"AM";"AM";"AMAZONAS";6;"DEPUTADO FEDERAL";"PARTIDO ISOLADO";20;"PODE";"PODEMOS";-1;"#NULO";"#NULO";"#NULO";40001800571;"#NULO";"PODE";"D";"DEFERIDO";"#NE"
"02/09/2026";"08:30:57";2026;2;"ELEIÇÃO ORDINÁRIA";1;6259;"Eleições Gerais Estaduais 2026";"04/10/2026";"AM";"AM";"AMAZONAS";7;"DEPUTADO ESTADUAL";"PARTIDO ISOLADO";70;"AVANTE";"AVANTE";-1;"#NULO";"#NULO";"#NULO";40001800369;"#NULO";"AVANTE";"D";"DEFERIDO";"#NE"
"02/09/2026";"08:30:57";2026;2;"ELEIÇÃO ORDINÁRIA";1;6259;"Eleições Gerais Estaduais 2026";"04/10/2026";"AM";"AM";"AMAZONAS";10;"2º SUPLENTE";"COLIGAÇÃO";20;"PODE";"PODEMOS";-1;"#NULO";"#NULO";"#NULO";40001800580;"UNIÃO PELO AMAZONAS";"PSB / FEDERAÇÃO UNIÃO PROGRESSISTA (UNIÃO / PP) / PODE";"D";"DEFERIDO";"#NE"
"02/09/2026";"08:30:57";2026;2;"ELEIÇÃO ORDINÁRIA";1;6259;"Eleições Gerais Estaduais 2026";"04/10/2026";"AM";"AM";"AMAZONAS";4;"VICE-GOVERNADOR";"COLIGAÇÃO";20;"PODE";"PODEMOS";-1;"#NULO";"#NULO";"#NULO";40001800579;"UNIÃO PELO AMAZONAS";"PSB / FEDERAÇÃO UNIÃO PROGRESSISTA (UNIÃO / PP) / PODE";"D";"DEFERIDO";"#NE"
"02/09/2026";"08:30:57";2026;2;"ELEIÇÃO ORDINÁRIA";1;6259;"Eleições Gerais Estaduais 2026";"04/10/2026";"AM";"AM";"AMAZONAS";4;"VICE-GOVERNADOR";"COLIGAÇÃO";55;"PSD";"PARTIDO SOCIAL DEMOCRÁTICO";-1;"#NULO";"#NULO";"#NULO";40001799964;"FORÇA AMAZONAS";"REPUBLICANOS / MDB / PSD / FEDERAÇÃO BRASIL DA ESPERANÇA - FE BRASIL (PT / PC do B / PV)";"D";"DEFERIDO";"#NE"
"02/09/2026";"08:30:57";2026;2;"ELEIÇÃO ORDINÁRIA";1;6259;"Eleições Gerais Estaduais 2026";"04/10/2026";"AM";"AM";"AMAZONAS";3;"GOVERNADOR";"COLIGAÇÃO";22;"PL";"PARTIDO LIBERAL";-1;"#NULO";"#NULO";"#NULO";40001800574;"MUDAR É URGENTE";"PL / NOVO";"D";"DEFERIDO";"#NE"
"02/09/2026";"08:30:57";2026;2;"ELEIÇÃO ORDINÁRIA";1;6259;"Eleições Gerais Estaduais 2026";"04/10/2026";"AM";"AM";"AMAZONAS";3;"GOVERNADOR";"COLIGAÇÃO";36;"AGIR";"AGIR";-1;"#NULO";"#NULO";"#NULO";40001800278;"PRA CIMA AMAZONAS";"PDT / DC / AGIR / AVANTE / FEDERAÇÃO RENOVAÇÃO SOLIDÁRIA (PRD / SOLIDARIEDADE)";"D";"DEFERIDO";"#NE"
"02/09/2026";"08:30:57";2026;2;"ELEIÇÃO ORDINÁRIA";1;6259;"Eleições Gerais Estaduais 2026";"04/10/2026";"AM";"AM";"AMAZONAS";4;"VICE-GOVERNADOR";"COLIGAÇÃO";13;"PT";"PARTIDO DOS TRABALHADORES";101;"FEDERAÇÃO BRASIL DA ESPERANÇA - FE BRASIL";"PT/PC do B/PV";"PT/PC do B/PV";40001799964;"FORÇA AMAZONAS";"REPUBLICANOS / MDB / PSD / FEDERAÇÃO BRASIL DA ESPERANÇA - FE BRASIL (PT / PC do B / PV)";"D";"DEFERIDO";"#NE"
"02/09/2026";"08:30:57";2026;2;"ELEIÇÃO ORDINÁRIA";1;6259;"Eleições Gerais Estaduais 2026";"04/10/2026";"AM";"AM";"AMAZONAS";4;"VICE-GOVERNADOR";"COLIGAÇÃO";12;"PDT";"PARTIDO DEMOCRÁTICO TRABALHISTA";-1;"#NULO";"#NULO";"#NULO";40001800278;"PRA CIMA AMAZONAS";"PDT / DC / AGIR / AVANTE / FEDERAÇÃO RENOVAÇÃO SOLIDÁRIA (PRD / SOLIDARIEDADE)";"D";"DEFERIDO";"#NE"
"02/09/2026";"08:30:57";2026;2;"ELEIÇÃO ORDINÁRIA";1;6259;"Eleições Gerais Estaduais 2026";"04/10/2026";"AM";"AM";"AMAZONAS";5;"SENADOR";"COLIGAÇÃO";15;"MDB";"MOVIMENTO DEMOCRÁTICO BRASILEIRO";-1;"#NULO";"#NULO";"#NULO";40001800091;"FORÇA AMAZONAS";"REPUBLICANOS / MDB / PSD / FEDERAÇÃO BRASIL DA ESPERANÇA - FE BRASIL (PT / PC do B / PV)";"D";"DEFERIDO";"#NE"
"02/09/2026";"08:30:57";2026;2;"ELEIÇÃO ORDINÁRIA";1;6259;"Eleições Gerais Estaduais 2026";"04/10/2026";"AM";"AM";"AMAZONAS";9;"1º SUPLENTE";"FEDERAÇÃO";45;"PSDB";"PARTIDO DA SOCIAL DEMOCRACIA BRASILEIRA";100;"FEDERAÇÃO PSDB CIDADANIA";"PSDB/CIDADANIA";"PSDB/CIDADANIA";40001800368;"#NULO";"FEDERAÇÃO PSDB CIDADANIA (PSDB / CIDADANIA)";"D";"DEFERIDO";"#NE"
"02/09/2026";"08:30:57";2026;2;"ELEIÇÃO ORDINÁRIA";1;6259;"Eleições Gerais Estaduais 2026";"04/10/2026";"AM";"AM";"AMAZONAS";3;"GOVERNADOR";"COLIGAÇÃO";13;"PT";"PARTIDO DOS TRABALHADORES";101;"FEDERAÇÃO BRASIL DA ESPERANÇA - FE BRASIL";"PT/PC do B/PV";"PT/PC do B/PV";40001799964;"FORÇA AMAZONAS";"REPUBLICANOS / MDB / PSD / FEDERAÇÃO BRASIL DA ESPERANÇA - FE BRASIL (PT / PC do B / PV)";"D";"DEFERIDO";"#NE"
"02/09/2026";"08:30:57";2026;2;"ELEIÇÃO ORDINÁRIA";1;6259;"Eleições Gerais Estaduais 2026";"04/10/2026";"AM";"AM";"AMAZONAS";6;"DEPUTADO FEDERAL";"PARTIDO ISOLADO";22;"PL";"PARTIDO LIBERAL";-1;"#NULO";"#NULO";"#NULO";40001800526;"#NULO";"PL";"D";"DEFERIDO";"#NE"
"02/09/2026";"08:30:57";2026;2;"ELEIÇÃO ORDINÁRIA";1;6259;"Eleições Gerais Estaduais 2026";"04/10/2026";"AM";"AM";"AMAZONAS";6;"DEPUTADO FEDERAL";"PARTIDO ISOLADO";33;"MOBILIZA";"MOBILIZAÇÃO NACIONAL";-1;"#NULO";"#NULO";"#NULO";40001801040;"#NULO";"MOBILIZA";"D";"DEFERIDO";"#NE"
"02/09/2026";"08:30:57";2026;2;"ELEIÇÃO ORDINÁRIA";1;6259;"Eleições Gerais Estaduais 2026";"04/10/2026";"AM";"AM";"AMAZONAS";5;"SENADOR";"COLIGAÇÃO";40;"PSB";"PARTIDO SOCIALISTA BRASILEIRO";-1;"#NULO";"#NULO";"#NULO";40001800580;"UNIÃO PELO AMAZONAS";"PSB / FEDERAÇÃO UNIÃO PROGRESSISTA (UNIÃO / PP) / PODE";"D";"DEFERIDO";"#NE"
"02/09/2026";"08:30:57";2026;2;"ELEIÇÃO ORDINÁRIA";1;6259;"Eleições Gerais Estaduais 2026";"04/10/2026";"AM";"AM";"AMAZONAS";9;"1º SUPLENTE";"FEDERAÇÃO";50;"PSOL";"PARTIDO SOCIALISMO E LIBERDADE";102;"FEDERAÇÃO PSOL REDE";"PSOL/REDE";"PSOL/REDE";40001801106;"#NULO";"FEDERAÇÃO PSOL REDE (PSOL / REDE)";"D";"DEFERIDO";"#NE"
"02/09/2026";"08:30:57";2026;2;"ELEIÇÃO ORDINÁRIA";1;6259;"Eleições Gerais Estaduais 2026";"04/10/2026";"AM";"AM";"AMAZONAS";10;"2º SUPLENTE";"COLIGAÇÃO";30;"NOVO";"PARTIDO NOVO";-1;"#NULO";"#NULO";"#NULO";40001800584;"MUDAR É URGENTE";"PL / NOVO";"A";"AGUARDANDO JULGAMENTO";"#NE"
"02/09/2026";"08:30:57";2026;2;"ELEIÇÃO ORDINÁRIA";1;6259;"Eleições Gerais Estaduais 2026";"04/10/2026";"AM";"AM";"AMAZONAS";5;"SENADOR";"COLIGAÇÃO";11;"PP";"PROGRESSISTAS";104;"FEDERAÇÃO UNIÃO PROGRESSISTA";"UNIÃO/PP";"UNIÃO/PP";40001800580;"UNIÃO PELO AMAZONAS";"PSB / FEDERAÇÃO UNIÃO PROGRESSISTA (UNIÃO / PP) / PODE";"D";"DEFERIDO";"#NE"
"02/09/2026";"08:30:57";2026;2;"ELEIÇÃO ORDINÁRIA";1;6259;"Eleições Gerais Estaduais 2026";"04/10/2026";"AM";"AM";"AMAZONAS";9;"1º SUPLENTE";"COLIGAÇÃO";15;"MDB";"MOVIMENTO DEMOCRÁTICO BRASILEIRO";-1;"#NULO";"#NULO";"#NULO";40001800091;"FORÇA AMAZONAS";"REPUBLICANOS / MDB / PSD / FEDERAÇÃO BRASIL DA ESPERANÇA - FE BRASIL (PT / PC do B / PV)";"D";"DEFERIDO";"#NE"
"02/09/2026";"08:30:57";2026;2;"ELEIÇÃO ORDINÁRIA";1;6259;"Eleições Gerais Estaduais 2026";"04/10/2026";"AM";"AM";"AMAZONAS";7;"DEPUTADO ESTADUAL";"PARTIDO ISOLADO";40;"PSB";"PARTIDO SOCIALISTA BRASILEIRO";-1;"#NULO";"#NULO";"#NULO";40001800583;"#NULO";"PSB";"D";"DEFERIDO";"#NE"
"02/09/2026";"08:30:57";2026;2;"ELEIÇÃO ORDINÁRIA";1;6259;"Eleições Gerais Estaduais 2026";"04/10/2026";"AM";"AM";"AMAZONAS";7;"DEPUTADO ESTADUAL";"FEDERAÇÃO";18;"REDE";"REDE SUSTENTABILIDADE";102;"FEDERAÇÃO PSOL REDE";"PSOL/REDE";"PSOL/REDE";40001801190;"#NULO";"FEDERAÇÃO PSOL REDE (PSOL / REDE)";"D";"DEFERIDO";"#NE"
"02/09/2026";"08:30:57";2026;2;"ELEIÇÃO ORDINÁRIA";1;6259;"Eleições Gerais Estaduais 2026";"04/10/2026";"AM";"AM";"AMAZONAS";9;"1º SUPLENTE";"PARTIDO ISOLADO";16;"PSTU";"PARTIDO SOCIALISTA  DOS TRABALHADORES UNIFICADO";-1;"#NULO";"#NULO";"#NULO";40001800271;"#NULO";"PSTU";"D";"DEFERIDO";"#NE"
"02/09/2026";"08:30:57";2026;2;"ELEIÇÃO ORDINÁRIA";1;6259;"Eleições Gerais Estaduais 2026";"04/10/2026";"AM";"AM";"AMAZONAS";3;"GOVERNADOR";"COLIGAÇÃO";44;"UNIÃO";"UNIÃO BRASIL";104;"FEDERAÇÃO UNIÃO PROGRESSISTA";"UNIÃO/PP";"UNIÃO/PP";40001800579;"UNIÃO PELO AMAZONAS";"PSB / FEDERAÇÃO UNIÃO PROGRESSISTA (UNIÃO / PP) / PODE";"D";"DEFERIDO";"#NE"
"02/09/2026";"08:30:57";2026;2;"ELEIÇÃO ORDINÁRIA";1;6259;"Eleições Gerais Estaduais 2026";"04/10/2026";"AM";"AM";"AMAZONAS";10;"2º SUPLENTE";"COLIGAÇÃO";15;"MDB";"MOVIMENTO DEMOCRÁTICO BRASILEIRO";-1;"#NULO";"#NULO";"#NULO";40001800091;"FORÇA AMAZONAS";"REPUBLICANOS / MDB / PSD / FEDERAÇÃO BRASIL DA ESPERANÇA - FE BRASIL (PT / PC do B / PV)";"D";"DEFERIDO";"#NE"
"02/09/2026";"08:30:57";2026;2;"ELEIÇÃO ORDINÁRIA";1;6259;"Eleições Gerais Estaduais 2026";"04/10/2026";"AM";"AM";"AMAZONAS";3;"GOVERNADOR";"FEDERAÇÃO";18;"REDE";"REDE SUSTENTABILIDADE";102;"FEDERAÇÃO PSOL REDE";"PSOL/REDE";"PSOL/REDE";40001801115;"#NULO";"FEDERAÇÃO PSOL REDE (PSOL / REDE)";"D";"DEFERIDO";"#NE"
"02/09/2026";"08:30:57";2026;2;"ELEIÇÃO ORDINÁRIA";1;6259;"Eleições Gerais Estaduais 2026";"04/10/2026";"AM";"AM";"AMAZONAS";9;"1º SUPLENTE";"COLIGAÇÃO";22;"PL";"PARTIDO LIBERAL";-1;"#NULO";"#NULO";"#NULO";40001800584;"MUDAR É URGENTE";"PL / NOVO";"A";"AGUARDANDO JULGAMENTO";"#NE"
"02/09/2026";"08:30:57";2026;2;"ELEIÇÃO ORDINÁRIA";1;6259;"Eleições Gerais Estaduais 2026";"04/10/2026";"AM";"AM";"AMAZONAS";7;"DEPUTADO ESTADUAL";"FEDERAÇÃO";11;"PP";"PROGRESSISTAS";104;"FEDERAÇÃO UNIÃO PROGRESSISTA";"UNIÃO/PP";"UNIÃO/PP";40001800581;"#NULO";"FEDERAÇÃO UNIÃO PROGRESSISTA (UNIÃO / PP)";"D";"DEFERIDO";"#NE"
"02/09/2026";"08:30:57";2026;2;"ELEIÇÃO ORDINÁRIA";1;6259;"Eleições Gerais Estaduais 2026";"04/10/2026";"AM";"AM";"AMAZONAS";6;"DEPUTADO FEDERAL";"PARTIDO ISOLADO";12;"PDT";"PARTIDO DEMOCRÁTICO TRABALHISTA";-1;"#NULO";"#NULO";"#NULO";40001801033;"#NULO";"PDT";"D";"DEFERIDO";"#NE"
"02/09/2026";"08:30:57";2026;2;"ELEIÇÃO ORDINÁRIA";1;6259;"Eleições Gerais Estaduais 2026";"04/10/2026";"AM";"AM";"AMAZONAS";10;"2º SUPLENTE";"FEDERAÇÃO";50;"PSOL";"PARTIDO SOCIALISMO E LIBERDADE";102;"FEDERAÇÃO PSOL REDE";"PSOL/REDE";"PSOL/REDE";40001801106;"#NULO";"FEDERAÇÃO PSOL REDE (PSOL / REDE)";"D";"DEFERIDO";"#NE"
"02/09/2026";"08:30:57";2026;2;"ELEIÇÃO ORDINÁRIA";1;6259;"Eleições Gerais Estaduais 2026";"04/10/2026";"AM";"AM";"AMAZONAS";9;"1º SUPLENTE";"COLIGAÇÃO";11;"PP";"PROGRESSISTAS";104;"FEDERAÇÃO UNIÃO PROGRESSISTA";"UNIÃO/PP";"UNIÃO/PP";40001800580;"UNIÃO PELO AMAZONAS";"PSB / FEDERAÇÃO UNIÃO PROGRESSISTA (UNIÃO / PP) / PODE";"D";"DEFERIDO";"#NE"
"02/09/2026";"08:30:57";2026;2;"ELEIÇÃO ORDINÁRIA";1;6259;"Eleições Gerais Estaduais 2026";"04/10/2026";"AM";"AM";"AMAZONAS";4;"VICE-GOVERNADOR";"COLIGAÇÃO";65;"PCDOB";"PARTIDO COMUNISTA DO BRASIL";101;"FEDERAÇÃO BRASIL DA ESPERANÇA - FE BRASIL";"PT/PC do B/PV";"PT/PC do B/PV";40001799964;"FORÇA AMAZONAS";"REPUBLICANOS / MDB / PSD / FEDERAÇÃO BRASIL DA ESPERANÇA - FE BRASIL (PT / PC do B / PV)";"D";"DEFERIDO";"#NE"
"02/09/2026";"08:30:57";2026;2;"ELEIÇÃO ORDINÁRIA";1;6259;"Eleições Gerais Estaduais 2026";"04/10/2026";"AM";"AM";"AMAZONAS";4;"VICE-GOVERNADOR";"COLIGAÇÃO";70;"AVANTE";"AVANTE";-1;"#NULO";"#NULO";"#NULO";40001800278;"PRA CIMA AMAZONAS";"PDT / DC / AGIR / AVANTE / FEDERAÇÃO RENOVAÇÃO SOLIDÁRIA (PRD / SOLIDARIEDADE)";"D";"DEFERIDO";"#NE"
"02/09/2026";"08:30:57";2026;2;"ELEIÇÃO ORDINÁRIA";1;6259;"Eleições Gerais Estaduais 2026";"04/10/2026";"AM";"AM";"AMAZONAS";4;"VICE-GOVERNADOR";"COLIGAÇÃO";30;"NOVO";"PARTIDO NOVO";-1;"#NULO";"#NULO";"#NULO";40001800574;"MUDAR É URGENTE";"PL / NOVO";"D";"DEFERIDO";"#NE"
"02/09/2026";"08:30:57";2026;2;"ELEIÇÃO ORDINÁRIA";1;6259;"Eleições Gerais Estaduais 2026";"04/10/2026";"AM";"AM";"AMAZONAS";9;"1º SUPLENTE";"COLIGAÇÃO";20;"PODE";"PODEMOS";-1;"#NULO";"#NULO";"#NULO";40001800580;"UNIÃO PELO AMAZONAS";"PSB / FEDERAÇÃO UNIÃO PROGRESSISTA (UNIÃO / PP) / PODE";"D";"DEFERIDO";"#NE"
"02/09/2026";"08:30:57";2026;2;"ELEIÇÃO ORDINÁRIA";1;6259;"Eleições Gerais Estaduais 2026";"04/10/2026";"AM";"AM";"AMAZONAS";6;"DEPUTADO FEDERAL";"PARTIDO ISOLADO";14;"MISSÃO";"PARTIDO MISSÃO";-1;"#NULO";"#NULO";"#NULO";40001800404;"#NULO";"MISSÃO";"D";"DEFERIDO";"#NE"
"02/09/2026";"08:30:57";2026;2;"ELEIÇÃO ORDINÁRIA";1;6259;"Eleições Gerais Estaduais 2026";"04/10/2026";"AM";"AM";"AMAZONAS";6;"DEPUTADO FEDERAL";"FEDERAÇÃO";65;"PCDOB";"PARTIDO COMUNISTA DO BRASIL";101;"FEDERAÇÃO BRASIL DA ESPERANÇA - FE BRASIL";"PT/PC do B/PV";"PT/PC do B/PV";40001800779;"#NULO";"FEDERAÇÃO BRASIL DA ESPERANÇA - FE BRASIL (PT / PC do B / PV)";"D";"DEFERIDO";"#NE"
"02/09/2026";"08:30:57";2026;2;"ELEIÇÃO ORDINÁRIA";1;6259;"Eleições Gerais Estaduais 2026";"04/10/2026";"AM";"AM";"AMAZONAS";5;"SENADOR";"COLIGAÇÃO";20;"PODE";"PODEMOS";-1;"#NULO";"#NULO";"#NULO";40001800580;"UNIÃO PELO AMAZONAS";"PSB / FEDERAÇÃO UNIÃO PROGRESSISTA (UNIÃO / PP) / PODE";"D";"DEFERIDO";"#NE"
"02/09/2026";"08:30:57";2026;2;"ELEIÇÃO ORDINÁRIA";1;6259;"Eleições Gerais Estaduais 2026";"04/10/2026";"AM";"AM";"AMAZONAS";4;"VICE-GOVERNADOR";"COLIGAÇÃO";22;"PL";"PARTIDO LIBERAL";-1;"#NULO";"#NULO";"#NULO";40001800574;"MUDAR É URGENTE";"PL / NOVO";"D";"DEFERIDO";"#NE"
"02/09/2026";"08:30:57";2026;2;"ELEIÇÃO ORDINÁRIA";1;6259;"Eleições Gerais Estaduais 2026";"04/10/2026";"AM";"AM";"AMAZONAS";6;"DEPUTADO FEDERAL";"PARTIDO ISOLADO";30;"NOVO";"PARTIDO NOVO";-1;"#NULO";"#NULO";"#NULO";40001800266;"#NULO";"NOVO";"D";"DEFERIDO";"#NE"
"02/09/2026";"08:30:57";2026;2;"ELEIÇÃO ORDINÁRIA";1;6259;"Eleições Gerais Estaduais 2026";"04/10/2026";"AM";"AM";"AMAZONAS";4;"VICE-GOVERNADOR";"PARTIDO ISOLADO";33;"MOBILIZA";"MOBILIZAÇÃO NACIONAL";-1;"#NULO";"#NULO";"#NULO";40001801272;"#NULO";"MOBILIZA";"D";"DEFERIDO";"#NE"
"02/09/2026";"08:30:57";2026;2;"ELEIÇÃO ORDINÁRIA";1;6259;"Eleições Gerais Estaduais 2026";"04/10/2026";"AM";"AM";"AMAZONAS";3;"GOVERNADOR";"COLIGAÇÃO";10;"REPUBLICANOS";"REPUBLICANOS";-1;"#NULO";"#NULO";"#NULO";40001799964;"FORÇA AMAZONAS";"REPUBLICANOS / MDB / PSD / FEDERAÇÃO BRASIL DA ESPERANÇA - FE BRASIL (PT / PC do B / PV)";"D";"DEFERIDO";"#NE"
"02/09/2026";"08:30:57";2026;2;"ELEIÇÃO ORDINÁRIA";1;6259;"Eleições Gerais Estaduais 2026";"04/10/2026";"AM";"AM";"AMAZONAS";5;"SENADOR";"PARTIDO ISOLADO";16;"PSTU";"PARTIDO SOCIALISTA  DOS TRABALHADORES UNIFICADO";-1;"#NULO";"#NULO";"#NULO";40001800271;"#NULO";"PSTU";"D";"DEFERIDO";"#NE"
"02/09/2026";"08:30:57";2026;2;"ELEIÇÃO ORDINÁRIA";1;6259;"Eleições Gerais Estaduais 2026";"04/10/2026";"AM";"AM";"AMAZONAS";10;"2º SUPLENTE";"PARTIDO ISOLADO";33;"MOBILIZA";"MOBILIZAÇÃO NACIONAL";-1;"#NULO";"#NULO";"#NULO";40001801135;"#NULO";"MOBILIZA";"D";"DEFERIDO";"#NE"
"02/09/2026";"08:30:57";2026;2;"ELEIÇÃO ORDINÁRIA";1;6259;"Eleições Gerais Estaduais 2026";"04/10/2026";"AM";"AM";"AMAZONAS";3;"GOVERNADOR";"PARTIDO ISOLADO";16;"PSTU";"PARTIDO SOCIALISTA  DOS TRABALHADORES UNIFICADO";-1;"#NULO";"#NULO";"#NULO";40001800269;"#NULO";"PSTU";"D";"DEFERIDO";"#NE"
