Data,Hora UTC,"PRECIPITAÇÃO TOTAL, HORÁRIO (mm)","PRESSAO ATMOSFERICA AO NIVEL DA ESTACAO, HORARIA (mB)",PRESSÃO ATMOSFERICA MAX.NA HORA ANT. (AUT) (mB),PRESSÃO ATMOSFERICA MIN. NA HORA ANT. (AUT) (mB),RADIACAO GLOBAL (Kj/m²),"TEMPERATURA DO AR - BULBO SECO, HORARIA (°C)",TEMPERATURA DO PONTO DE ORVALHO (°C),TEMPERATURA MÁXIMA NA HORA ANT. (AUT) (°C),TEMPERATURA MÍNIMA NA HORA ANT. (AUT) (°C),TEMPERATURA ORVALHO MAX. NA HORA ANT. (AUT) (°C),TEMPERATURA ORVALHO MIN. NA HORA ANT. (AUT) (°C),UMIDADE REL. MAX. NA HORA ANT. (AUT) (%),UMIDADE REL. MIN. NA HORA ANT. (AUT) (%),"UMIDADE RELATIVA DO AR, HORARIA (%)","VENTO, DIREÇÃO HORARIA (gr) (° (gr))","VENTO, RAJADA MAXIMA (m/s)","VENTO, VELOCIDADE HORARIA (m/s)",Unnamed: 19
2022/10/02,0000 UTC,0,"1007,9","1007,9","1006,3",0,"26,3","22,3",27,"26,3","22,7","21,8",78.0,76.0,78.0,244.0,"6,2","2,4",
2022/10/02,0100 UTC,0,"1007,9","1008,4","1007,9",0,"26,4","22,1","26,6","26,3","22,7","22,1",80.0,78.0,78.0,230.0,"7,5","3,1",
2022/10/02,0200 UTC,0,"1009,3","1009,5","1007,9",0,"26,1","21,9","26,5","26,1","22,4","21,7",79.0,76.0,77.0,354.0,"7,5","1,7",
2022/10/02,0300 UTC,0,1009,"1009,6",1009,0,"26,1","22,7","26,1","25,7","22,8","21,8",82.0,78.0,82.0,209.0,"3,9","1,5",
2022/10/02,0400 UTC,0,"1009,8","1009,9",1009,0,"24,4","21,8","26,1","24,3","22,8","21,6",86.0,81.0,86.0,179.0,"8,6","3,4",
2022/10/02,0500 UTC,0,"1008,2","1009,8","1008,2",0,"24,4","22,2","24,4",24,"22,3","21,7",89.0,85.0,88.0,233.0,"8,6","2,5",
2022/10/02,0600 UTC,0,"1007,4","1008,2","1007,4",0,"24,4","21,9","24,6","24,3","22,3","21,9",88.0,86.0,86.0,300.0,"5,1","1,5",
2022/10/02,0700 UTC,0,1007,"1007,8",1007,0,"23,8","21,7","24,5","23,8",22,"21,6",88.0,85.0,88.0,328.0,"4,1",2,
2022/10/02,0800 UTC,0,"1007,2","1007,2","1006,9",0,"23,7","21,7","23,8","23,6","21,8","21,6",89.0,88.0,89.0,14.0,"3,8","1,1",
2022/10/02,0900 UTC,0,"1007,5","1007,6",1007,0,"23,2","21,5","23,7","23,2","21,7","21,4",90.0,89.0,90.0,28.0,"4,4","2,6",
2022/10/02,1000 UTC,0,"1008,7","1008,7","1007,5","2,7","23,4","21,4","23,5","23,2","21,7","21,4",90.0,88.0,88.0,329.0,"4,4",",8",
2022/10/02,1100 UTC,0,1010,1010,"1008,7",162,"24,7","21,5","24,7","23,4","21,7","21,4",88.0,83.0,83.0,322.0,"2,8","1,3",
2022/10/02,1200 UTC,0,"1010,7","1010,9",1010,"576,5","25,6","21,4","25,8","24,7","21,9","21,4",83.0,78.0,78.0,331.0,"3,2","1,5",
2022/10/02,1300 UTC,0,"1011,2","1011,2","1010,7","1297,2","27,5",22,"27,9","25,5","22,4","21,4",78.0,71.0,72.0,326.0,"4,3","1,8",
2022/10/02,1400 UTC,0,"1011,1","1011,4","1011,1",1804,29,"21,7","29,6","27,4","22,6","21,6",73.0,64.0,65.0,315.0,"4,8",2,
2022/10/02,1500 UTC,0,"1010,5","1011,1","1010,5","2861,3","29,5","21,7","30,4","28,9","22,8","21,3",67.0,61.0,63.0,270.0,"6,1","3,4",
2022/10/02,1600 UTC,0,"1009,8","1010,5","1009,8","3023,9",30,"22,4","30,5","29,4","22,9","21,8",66.0,62.0,64.0,251.0,6,"2,6",
2022/10/02,1700 UTC,0,"1008,7","1009,8","1008,7","2738,8","31,2","20,9","31,8",30,"23,3","19,9",65.0,51.0,54.0,241.0,"4,9",3,
2022/10/02,1800 UTC,0,"1007,8","1008,7","1007,8",2799,"31,4","21,2","32,6","31,2","21,9",20,56.0,50.0,55.0,245.0,"5,2","3,1",
2022/10/02,1900 UTC,0,"1006,8","1007,8","1006,8","2112,4",32,"21,4","32,6","31,2","21,9","20,7",56.0,52.0,54.0,275.0,"6,4","3,5",
2022/10/02,2000 UTC,0,"1006,1","1006,8","1006,1","1502,6","30,9","21,9","31,9","30,9","22,2","21,2",59.0,53.0,59.0,270.0,"6,2","3,8",
2022/10/02,2100 UTC,0,"1005,7","1006,1","1005,7","916,9","31,1","22,1","31,6","30,9","22,8","21,5",61.0,56.0,59.0,274.0,"5,9","2,7",
2022/10/02,2200 UTC,0,"1006,2","1006,2","1005,7","298,2",30,"21,5","31,1",30,"22,3","21,5",62.0,59.0,60.0,272.0,"5,9","2,5",
2022/10/02,2300 UTC,0,"1006,8","1006,8","1006,2",",1","29,4","22,1",30,"29,4","22,1","21,7",65.0,60.0,65.0,301.0,"5,1","1,8",
2022/10/30,0000 UTC,0,1003,"1003,1","1002,2",0,"27,6","22,6","28,1","27,6","22,8","21,9",74.0,70.0,74.0,76.0,"3,3",",4",
2022/10/30,0100 UTC,0,"1004,1","1004,1",1003,0,"27,2",23,"27,8","27,2",23,"22,5",78.0,74.0,77.0,34.0,2,"1,3",
2022/10/30,0200 UTC,0,"1004,3","1004,4","1004,1",0,27,23,"27,3","26,9","23,1","22,8",80.0,77.0,79.0,27.0,"3,1",1,
2022/10/30,0300 UTC,0,"1004,9","1004,9","1004,3",0,27,23,"27,1","26,6","23,2","22,9",81.0,78.0,79.0,311.0,"2,4",",5",
2022/10/30,0400 UTC,0,"1004,5","1004,9","1004,5",0,"26,8","22,9","27,1","26,8","23,2","22,6",80.0,77.0,79.0,22.0,"1,9",1,
2022/10/30,0500 UTC,0,"1003,6","1004,5","1003,6",0,"26,5","22,1","26,8","26,4","22,9","22,1",80.0,77.0,77.0,19.0,"2,5","1,4",
2022/10/30,0600 UTC,0,1003,"1003,6",1003,0,"25,9","22,9","26,5","25,9","22,9","22,1",83.0,77.0,83.0,25.0,"2,5","1,2",
2022/10/30,0700 UTC,0,"1002,6",1003,"1002,6",0,"25,6","22,7","25,9","25,6","22,9","22,7",84.0,83.0,84.0,267.0,"2,6",",5",
2022/10/30,0800 UTC,0,"1002,6","1002,6","1002,3",0,26,"23,1",26,"25,5","23,2","22,5",85.0,82.0,85.0,298.0,"1,7",1,
2022/10/30,0900 UTC,0,"1002,9","1002,9","1002,6",0,26,"24,2","26,2","25,9","24,3","23,1",90.0,85.0,90.0,289.0,"2,8","1,3",
2022/10/30,1000 UTC,0,"1003,5","1003,5","1002,9","10,7","25,6","23,9",26,"25,6","24,2","23,6",90.0,87.0,90.0,290.0,"3,4","1,4",
2022/10/30,1100 UTC,0,"1004,4","1004,4","1003,5","255,4","26,1","24,1","26,1","25,6","24,2","23,9",90.0,89.0,89.0,290.0,"3,4",2,
2022/10/30,1200 UTC,0,"1005,2","1005,2","1004,4","755,1","27,3","24,3","27,3","26,1","24,5",24,89.0,83.0,84.0,289.0,"3,4","1,4",
2022/10/30,1300 UTC,0,"1005,4","1005,4","1005,1",1239,"28,2","24,4","28,4","27,2","24,6",24,84.0,79.0,80.0,264.0,"4,2","2,1",
2022/10/30,1400 UTC,0,"1005,2","1005,5","1005,2","1770,2","28,8","24,7","29,1","28,1","25,1","24,1",80.0,76.0,79.0,270.0,"4,2","1,9",
2022/10/30,1500 UTC,0,"1004,5","1005,2","1004,5","2371,6","30,4","24,2","30,4","28,7","25,2","23,7",79.0,70.0,70.0,244.0,4,"2,2",
2022/10/30,1600 UTC,0,"1003,4","1004,5","1003,4","2807,5","31,9","24,1","32,5","30,1","24,8","23,7",71.0,63.0,63.0,225.0,"4,4",2,
2022/10/30,1700 UTC,0,"1002,2","1003,4","1002,2","2140,8","31,3","23,5","32,2","31,3","24,8","23,3",66.0,61.0,63.0,234.0,"4,4","1,6",
2022/10/30,1800 UTC,0,"1001,3","1002,2","1001,3","2030,7","31,7","23,4","32,7","31,1","24,7","23,2",65.0,60.0,61.0,201.0,"3,7","1,1",
2022/10/30,1900 UTC,0,"1000,9","1001,3","1000,9","1293,4","32,4","21,4","32,7","31,6","24,2","21,3",63.0,52.0,52.0,32.0,"3,5","1,6",
2022/10/30,2000 UTC,0,"1000,7","1000,9","1000,7","844,3","31,3","22,3","32,4","31,3","22,9","21,1",60.0,52.0,59.0,45.0,"3,9","1,8",
2022/10/30,2100 UTC,0,"1000,6","1000,8","1000,5","447,7","30,7","22,8","31,3","30,7","22,9","22,2",63.0,58.0,63.0,48.0,"3,1","1,2",
2022/10/30,2200 UTC,0,"1000,2","1000,6","1000,2","80,1","29,9","23,2","30,7","29,9","23,2","22,6",68.0,62.0,68.0,355.0,"2,5",",6",
2022/10/30,2300 UTC,0,"1000,7","1000,7","1000,1",0,"29,4","23,2","29,9","29,4","23,8","23,1",70.0,67.0,69.0,344.0,"2,1",",7",
